Designator,Mid X,Mid Y,Rotation,Layer
BZ1,160.02,-59.69,0.0,top
I1,166.943271,-78.487533,180.0,top
I2,223.598967,-103.123854,180.0,top
I3,204.47,-67.5125,0.0,top
J1,193.63,-105.38,0.0,top
R1,186.69,-60.96,0.0,top
R2,187.3044,-64.8541,0.0,top
R3,187.497,-68.8509,0.0,top
S1,235.553,-47.6174,270.0,top
TH1,196.85,-96.52,180.0,top
U1,154.5248,-93.5299,270.0,top
U2,204.47,-106.68,90.0,top
U3,201.93,-81.28,0.0,top
