Designator,Mid X,Mid Y,Rotation,Layer
BZ1,179.906949,-53.329999,270.0,top
J1,162.486694,-43.835573,90.0,top
J2,46.935,-72.475,180.0,top
R1,165.1,-77.47,0.0,top
R2,165.1,-82.55,0.0,top
R3,171.45,-73.66,180.0,top
R4,163.83,-68.58,270.0,top
RF1,71.986101,-36.952147,270.0,top
U1,180.184848,-45.377374,180.0,top
U2,118.187516,-40.465415,180.0,top
U3,148.134826,-54.482283,270.0,top
U4,88.508648,-72.560674,0.0,top
U5,167.099288,-57.886574,90.0,top
mpu1,129.56,-76.019593,180.0,top
