Designator,Mid X,Mid Y,Rotation,Layer
BZ1,130.0,-80.5,270.0,top
J1,140.0,-58.515,180.0,top
J2,49.960827,-73.124495,0.0,top
R1,185.0,-76.5,90.0,top
R2,176.905953,-73.444833,90.0,top
R3,175.92,-44.0,0.0,top
R4,181.5,-59.0,270.0,top
RF1,75.734633,-36.355447,270.0,top
U1,113.920697,-52.951246,0.0,top
U2,118.187521,-40.46542,180.0,top
U3,153.00386,-54.008432,270.0,top
U4,88.508648,-72.560674,0.0,top
U5,171.44816,-56.288966,270.0,top
mpu1,175.197686,-77.972527,0.0,top
