Designator,Mid X,Mid Y,Rotation,Layer
BZ1,165.1,-34.29,0.0,top
I1,164.403271,-69.597533,180.0,top
I2,201.851033,-56.896146,0.0,top
I3,166.37,-104.3425,0.0,top
J1,219.03,-35.53,0.0,top
R1,179.07,-60.72,0.0,top
R2,179.07,-64.77,0.0,top
R3,179.07,-68.82,0.0,top
S1,175.8874,-89.567,0.0,top
TH1,191.77,-36.83,0.0,top
U1,207.8648,-96.0699,270.0,top
U2,220.98,-53.34,0.0,top
U3,201.93,-81.28,0.0,top
